order_id,matrix_id,frequency,volume,time,name
18,321,2,1100,184,BUDEL
33,912,2,1100,370,DEURNE
114,484,1,1100,162,MAARHEEZE
121,868,1,660,100,DEURNE
122,169,1,1100,203,BUDEL
141,956,1,660,100,LIEROP
143,888,1,1100,285,LIESSEL
162,970,1,1100,400,SOMEREN
203,825,1,3600,1800,ASTEN
204,825,1,240,400,ASTEN
205,825,2,5000,600,ASTEN
256,818,1,240,300,ASTEN
317,35,1,1100,170,STERKSEL
325,185,1,770,160,SOERENDONK
338,558,1,660,283,BUDEL_DORPLEIN
358,287,1,660,100,MAARHEEZE
361,287,1,4080,1600,MAARHEEZE
363,287,1,1100,200,MAARHEEZE
395,898,1,240,240,DEURNE
406,485,1,660,217,MAARHEEZE
449,593,1,1100,279,MIERLO
508,950,1,660,167,SOMEREN
526,643,1,240,200,MIERLO
537,598,1,660,185,MIERLO
538,650,1,660,167,MIERLO
550,637,1,240,266,MIERLO
552,590,1,660,200,MIERLO
557,628,1,660,100,MIERLO
562,597,1,660,125,MIERLO
571,623,1,660,133,MIERLO
572,638,1,240,260,MIERLO
573,599,1,660,280,MIERLO
574,624,1,240,114,MIERLO
576,294,1,5000,308,BUDEL
577,843,1,240,200,DEURNE
584,588,1,660,150,MIERLO
597,60,1,240,193,BEEK_EN_DONK
603,251,1,2500,288,MAARHEEZE
620,674,1,660,258,MIERLO
622,608,1,240,100,MIERLO
624,629,1,240,100,MIERLO
642,1024,1,770,281,SOMEREN
644,127,1,660,160,BEEK_EN_DONK
651,158,1,1100,200,MILHEEZE
658,117,1,1100,275,AARLE_RIXTEL
661,1042,1,1100,200,SOMEREN
688,716,1,770,282,OMMEL
696,70,1,240,162,BEEK_EN_DONK
697,751,1,660,161,ASTEN
701,945,1,660,233,SOMEREN
730,29,1,660,338,STERKSEL
733,971,1,660,304,SOMEREN
747,1015,1,660,315,SOMEREN-HEIDE
751,707,1,660,300,ASTEN
753,864,1,1100,143,NEERKANT
766,774,1,1100,150,HEUSDEN_GEM_ASTEN
767,635,1,660,198,MIERLO
768,617,1,660,159,MIERLO
778,811,1,660,283,OMMEL
783,1064,1,770,150,LIEROP
785,743,1,660,100,ASTEN
789,690,1,1100,250,HEUSDEN_GEM_ASTEN
795,212,1,660,267,MAARHEEZE
804,729,1,240,100,ASTEN
808,965,1,660,125,SOMEREN-HEIDE
809,8,1,240,200,LIESHOUT
810,15,1,770,221,LIESHOUT
811,1014,1,240,200,SOMEREN-EIND
812,993,1,660,300,SOMEREN
817,951,1,660,167,SOMEREN
820,453,1,1100,167,SOERENDONK
835,942,1,660,200,SOMEREN
836,687,1,240,400,ASTEN
839,1092,1,660,200,SOMEREN-HEIDE
843,10,1,240,266,LIESHOUT
844,975,1,1100,100,SOMEREN
846,78,1,240,100,AARLE_RIXTEL
850,966,1,660,220,SOMEREN-HEIDE
851,700,1,660,300,ASTEN
853,762,1,1100,100,ASTEN
859,802,1,1100,100,HEUSDEN_GEM_ASTEN
865,3,1,240,100,MARIAHOUT
868,805,1,1100,269,HEUSDEN_GEM_ASTEN
875,33,1,1100,500,STERKSEL
880,1008,1,660,300,SOMEREN-EIND
881,997,1,240,240,SOMEREN-HEIDE
882,686,1,1100,280,OMMEL
883,689,1,770,282,HEUSDEN_GEM_ASTEN
885,806,1,660,220,HEUSDEN_GEM_ASTEN
887,155,1,240,342,STERKSEL
890,54,1,1100,217,AARLE_RIXTEL
891,764,1,1100,274,ASTEN
892,178,1,240,414,MAARHEEZE
895,342,1,660,104,BUDEL
898,443,1,240,100,BUDEL-SCHOOT
907,38,1,1100,540,STERKSEL
908,37,1,1100,300,STERKSEL
909,40,1,1100,300,STERKSEL
919,1073,1,770,282,SOMEREN-HEIDE
927,116,1,660,283,AARLE_RIXTEL
930,976,1,660,250,SOMEREN
932,121,1,660,250,DE_RIPS
933,699,1,240,200,ASTEN
934,969,1,1100,100,SOMEREN-HEIDE
935,1096,1,1100,140,SOMEREN-EIND
936,1047,1,1100,250,SOMEREN-HEIDE
940,90,1,240,167,BEEK_EN_DONK
941,136,1,240,200,BEEK_EN_DONK
942,135,1,660,100,BEEK_EN_DONK
943,95,1,660,250,BEEK_EN_DONK
944,68,1,240,100,BEEK_EN_DONK
945,16,1,240,150,LIESHOUT
946,25,1,240,100,LIESHOUT
947,50,1,1100,117,AARLE_RIXTEL
948,103,1,240,100,AARLE_RIXTEL
949,104,1,240,185,AARLE_RIXTEL
950,103,1,1100,100,AARLE_RIXTEL
951,67,1,660,211,BEEK_EN_DONK
952,69,1,240,125,BEEK_EN_DONK
956,993,1,660,300,SOMEREN
958,56,1,1100,180,AARLE_RIXTEL
959,57,1,1100,350,AARLE_RIXTEL
960,1011,1,1100,875,SOMEREN-EIND
962,137,1,660,222,BEEK_EN_DONK
964,128,1,1100,232,BEEK_EN_DONK
969,41,1,660,167,STERKSEL
972,1040,1,660,400,SOMEREN
981,96,1,1100,267,BEEK_EN_DONK
984,76,1,1100,160,AARLE_RIXTEL
993,94,1,1100,312,BEEK_EN_DONK
996,1053,1,1100,175,SOMEREN
997,961,1,1100,125,LIEROP
1000,625,1,770,282,MIERLO
1005,65,1,240,200,BEEK_EN_DONK
1007,955,1,1100,350,LIEROP
1008,115,1,1100,133,AARLE_RIXTEL
1010,18,1,1100,100,LIESHOUT
1012,988,1,1100,125,SOMEREN
1013,1098,1,1100,133,SOMEREN-EIND
1015,1058,1,1100,150,SOMEREN-HEIDE
1017,659,1,240,360,MIERLO
1018,824,1,1100,200,ASTEN
1040,1020,1,770,261,SOMEREN
1041,685,1,1100,156,OMMEL
1043,933,1,660,327,SOMEREN
1063,1077,1,1100,500,LIEROP
1064,1056,1,660,250,SOMEREN
1065,1057,1,1100,300,SOMEREN-HEIDE
1066,836,1,660,250,ASTEN
1067,657,1,240,140,MIERLO
1068,717,1,1100,200,OMMEL
1069,982,1,660,250,SOMEREN
1083,778,1,660,274,ASTEN
1084,772,1,240,240,HEUSDEN_GEM_ASTEN
1085,982,1,660,225,SOMEREN
1139,110,1,1100,241,AARLE_RIXTEL
1155,634,1,1100,200,MIERLO
1174,963,1,660,133,LIEROP
1178,930,1,1100,200,NEERKANT
1179,808,1,660,100,ASTEN
1181,438,1,1100,427,BUDEL
1184,17,1,660,300,LIESHOUT
1188,1033,1,660,167,SOMEREN
1189,922,1,1100,133,VLIERDEN
1200,91,1,1100,180,BEEK_EN_DONK
1211,698,1,240,557,ASTEN
1212,482,1,240,180,MAARHEEZE
1213,960,1,240,513,LIEROP
1221,990,1,660,150,SOMEREN
1223,973,1,3000,1000,SOMEREN
1228,890,1,1100,95,LIESSEL
1230,795,1,1100,100,HEUSDEN_GEM_ASTEN
1241,799,1,1100,300,HEUSDEN_GEM_ASTEN
1246,770,2,770,200,HEUSDEN_GEM_ASTEN
1247,770,2,770,300,HEUSDEN_GEM_ASTEN
1254,767,1,1320,500,ASTEN
1255,836,2,1100,157,ASTEN
1256,737,1,1100,240,ASTEN
1264,745,1,660,178,ASTEN
1267,834,1,660,269,ASTEN
1268,786,2,5000,364,ASTEN
1269,780,1,660,244,ASTEN
1272,828,1,1100,332,ASTEN
1273,721,1,240,240,ASTEN
1278,754,1,660,354,ASTEN
1280,781,1,1100,260,ASTEN
1303,1052,1,660,250,SOMEREN-EIND
1312,725,1,240,240,ASTEN
1324,643,1,240,200,MIERLO
1331,816,1,1000,200,ASTEN
1332,730,1,660,214,ASTEN
1334,765,1,770,268,ASTEN
1335,693,1,660,200,ASTEN
1336,804,1,1100,167,HEUSDEN_GEM_ASTEN
1337,684,1,1100,300,OMMEL
1374,235,1,240,434,MAARHEEZE
1378,1007,1,660,133,SOMEREN
1407,314,1,240,100,BUDEL
1506,722,1,480,757,ASTEN
1517,612,1,660,215,MIERLO
1518,702,1,1100,167,HEUSDEN_GEM_ASTEN
1522,992,1,1100,100,SOMEREN
1526,162,1,1100,234,AARLE_RIXTEL
1566,11,1,1100,250,LIESHOUT
1583,621,1,140,445,MIERLO
1584,1062,1,1100,150,SOMEREN
1585,226,1,240,240,MAARHEEZE
1590,678,1,5000,1000,ASTEN
1594,293,1,240,124,MAARHEEZE
1599,796,1,1100,200,HEUSDEN_GEM_ASTEN
1601,191,1,1100,386,SOERENDONK
1602,1093,1,660,200,SOMEREN-HEIDE
1603,788,1,1100,522,ASTEN
1605,925,1,1100,78,DEURNE
1625,273,1,1100,300,SOERENDONK
1638,711,1,1100,275,HEUSDEN_GEM_ASTEN
1640,27,1,660,226,LIESHOUT
1663,435,1,660,230,BUDEL
1669,1009,1,660,237,SOMEREN-EIND
1720,665,1,770,263,MIERLO
1726,496,1,660,247,MAARHEEZE
1727,397,1,1100,166,BUDEL
1728,525,1,660,200,BUDEL
1731,1001,1,660,255,SOMEREN-EIND
1732,300,1,660,100,BUDEL
1734,398,1,660,142,BUDEL
1739,432,1,1100,312,BUDEL-SCHOOT
1745,390,1,1100,150,BUDEL
1751,442,1,660,279,BUDEL-SCHOOT
1755,387,1,1100,100,BUDEL
1758,568,1,660,200,BUDEL
1760,324,1,720,329,BUDEL
1764,392,1,1100,169,BUDEL
1771,346,1,1100,162,BUDEL
1772,326,1,660,239,BUDEL
1774,31,1,1100,510,STERKSEL
1805,389,1,1100,188,BUDEL
1824,543,1,1100,266,BUDEL
1826,547,1,2500,500,BUDEL-SCHOOT
1854,290,1,660,100,MAARHEEZE
1875,578,1,660,289,BUDEL_DORPLEIN
1876,577,1,660,317,BUDEL_DORPLEIN
1888,173,1,240,295,BUDEL
1895,407,1,660,150,BUDEL
1903,218,1,1100,180,MAARHEEZE
1924,727,1,660,506,ASTEN
1934,594,1,1100,200,MIERLO
1957,820,1,1100,182,ASTEN
1959,519,1,240,170,BUDEL
1995,175,1,770,282,BUDEL
2091,278,1,1100,100,MAARHEEZE
2094,822,1,2500,425,ASTEN
2100,227,1,660,306,MAARHEEZE
2184,579,1,240,391,MAARHEEZE
2188,589,2,55000,5500,MIERLO
2191,589,2,5000,500,MIERLO
2212,668,1,660,156,MIERLO
2241,715,1,660,227,HEUSDEN_GEM_ASTEN
2259,673,1,660,123,MIERLO
2300,565,1,240,166,BUDEL
2306,388,2,1100,132,BUDEL
2314,217,1,660,157,BUDEL
2316,381,1,240,99,BUDEL
2334,192,1,1100,215,GASTEL
2340,84,1,1100,138,BEEK_EN_DONK
2346,913,1,1100,272,DEURNE
2353,451,1,660,131,BUDEL
2456,983,1,1100,325,SOMEREN
2483,790,1,660,167,HEUSDEN_GEM_ASTEN
2500,479,1,1100,100,MAARHEEZE
2511,855,1,1100,160,DEURNE
2516,723,1,660,417,ASTEN
2524,58,1,660,200,BEEK_EN_DONK
2539,352,1,660,357,BUDEL
2593,776,1,1100,100,HEUSDEN_GEM_ASTEN
2621,318,1,660,167,BUDEL
2627,236,1,1100,100,MAARHEEZE
2652,1076,1,1100,368,LIEROP
2680,221,1,660,167,MAARHEEZE
2682,228,1,660,517,MAARHEEZE
2688,506,1,660,167,MAARHEEZE
2697,444,1,1100,154,BUDEL-SCHOOT
2698,413,1,660,100,BUDEL
2699,491,1,240,240,MAARHEEZE
2707,393,1,660,99,BUDEL
2714,793,1,1100,209,ASTEN
2728,679,1,660,232,ASTEN
2740,611,1,1100,1546,MIERLO
2741,1079,2,1100,219,SOMEREN
2757,395,1,660,242,BUDEL
2832,414,1,1100,255,SOERENDONK
2836,289,1,1100,131,MAARHEEZE
2839,291,1,240,100,MAARHEEZE
2840,150,1,1100,250,MILHEEZE
2862,640,1,1100,193,MIERLO
2939,720,1,240,416,ASTEN
2949,263,1,1100,533,MAARHEEZE
3003,360,1,660,100,BUDEL
3018,182,1,1100,1246,SOERENDONK
3045,677,1,660,133,ASTEN
3046,216,1,1100,171,BUDEL
3115,113,1,660,133,AARLE_RIXTEL
3134,766,1,2500,479,ASTEN
3140,251,1,660,130,MAARHEEZE
3141,801,1,240,240,OMMEL
3197,911,1,240,240,DEURNE
3205,417,1,240,159,BUDEL
3209,873,1,660,100,DEURNE
3219,478,1,1100,175,MAARHEEZE
3223,292,1,1100,400,MAARHEEZE
3238,12,1,1100,200,LIESHOUT
3292,228,1,240,100,MAARHEEZE
3295,972,1,660,150,LIEROP
3308,1061,1,1100,208,SOMEREN
3322,732,1,660,167,ASTEN
3329,7,1,1100,266,LIESHOUT
3330,714,1,1100,157,HEUSDEN_GEM_ASTEN
3333,1067,1,1100,200,SOMEREN
3348,986,1,660,167,SOMEREN
3349,309,1,240,98,SOERENDONK
3357,827,1,660,164,ASTEN
4088,1068,1,1100,100,SOMEREN
4153,884,1,1100,250,NEERKANT
4201,1048,1,1100,400,SOMEREN-HEIDE
4234,1090,1,660,221,SOMEREN-HEIDE
4235,225,1,660,157,MAARHEEZE
4318,918,1,1100,150,DEURNE
4319,809,1,1100,150,HEUSDEN_GEM_ASTEN
4328,931,1,1100,100,VLIERDEN
4333,2,1,660,167,VLIERDEN
4334,89,1,1100,200,LIESHOUT
4337,1089,1,1100,1932,LIEROP
4340,85,1,1100,100,BEEK_EN_DONK
4350,344,1,140,100,BUDEL
4354,610,1,240,100,MIERLO
4357,863,1,1100,175,VLIERDEN
4358,761,1,1100,300,ASTEN
4359,904,1,1320,412,DEURNE
4367,704,1,1100,160,ASTEN
4454,814,1,1100,150,HEUSDEN_GEM_ASTEN
4487,952,1,1100,250,SOMEREN-EIND
4524,180,1,2500,257,MAARHEEZE
4576,867,1,1100,158,DEURNE
4579,489,1,660,216,MAARHEEZE
4608,420,1,660,100,GASTEL
4618,701,1,660,198,ASTEN
4631,211,1,660,300,MAARHEEZE
4721,152,1,240,100,BEEK_EN_DONK
4734,507,1,240,429,MAARHEEZE
4736,797,1,1100,100,HEUSDEN_GEM_ASTEN
4740,562,1,660,140,BUDEL
4746,251,1,240,100,MAARHEEZE
4748,528,1,660,292,BUDEL
4749,220,1,660,117,MAARHEEZE
4750,440,1,1100,328,BUDEL
4751,436,1,660,157,BUDEL
4752,462,1,1000,350,BUDEL
4753,339,1,660,100,BUDEL
4755,428,1,1000,500,BUDEL-SCHOOT
4763,302,2,1100,229,BUDEL
4766,584,1,660,167,BUDEL-SCHOOT
4767,249,1,660,325,MAARHEEZE
4772,196,1,1000,200,GASTEL
4773,573,1,660,225,SOERENDONK
4774,242,1,660,267,MAARHEEZE
4775,372,1,660,190,SOERENDONK
4779,771,1,660,225,HEUSDEN_GEM_ASTEN
4780,354,1,660,167,BUDEL
4782,494,1,660,117,MAARHEEZE
4783,433,1,1000,200,BUDEL-SCHOOT
4796,385,1,1100,335,BUDEL
4797,411,1,1100,125,BUDEL
4798,306,1,660,100,BUDEL
4800,279,1,660,200,MAARHEEZE
4801,209,1,1100,275,SOERENDONK
4804,567,1,660,150,BUDEL
4814,239,1,660,348,MAARHEEZE
4815,233,1,660,375,MAARHEEZE
4816,553,1,660,273,BUDEL_DORPLEIN
4823,241,1,240,317,MAARHEEZE
4824,456,1,660,212,GASTEL
4825,477,1,240,125,MAARHEEZE
4829,264,1,660,300,MAARHEEZE
4831,373,1,660,299,SOERENDONK
4838,430,1,660,267,BUDEL
4842,291,1,660,100,MAARHEEZE
4844,323,1,1100,328,BUDEL
4845,282,1,1100,163,MAARHEEZE
4851,257,1,1100,200,MAARHEEZE
4852,258,1,660,100,MAARHEEZE
4857,457,1,660,207,GASTEL
4858,511,1,1100,100,MAARHEEZE
4875,313,1,1100,116,BUDEL
4878,510,1,660,250,MAARHEEZE
4879,340,1,660,100,BUDEL
4881,80,1,660,167,AARLE_RIXTEL
4884,353,1,240,129,BUDEL
4895,554,1,1100,200,BUDEL_DORPLEIN
4896,410,1,660,100,BUDEL
4903,586,1,660,150,BUDEL-SCHOOT
4904,330,1,660,443,BUDEL
4907,259,1,660,100,MAARHEEZE
4910,405,1,1000,300,MAARHEEZE
4911,382,1,1100,260,BUDEL
4926,237,1,660,280,MAARHEEZE
4934,520,1,660,266,BUDEL
4935,229,1,1100,393,MAARHEEZE
4945,275,1,1100,225,GASTEL
4949,177,1,660,290,MAARHEEZE
4950,248,1,660,178,MAARHEEZE
4953,97,1,660,150,BEEK_EN_DONK
4955,265,1,660,167,GASTEL
4956,439,1,660,200,BUDEL
4957,199,1,1000,189,GASTEL
4958,524,1,660,217,BUDEL
4969,357,1,240,200,BUDEL
4970,447,1,1100,427,BUDEL-SCHOOT
4974,219,1,660,508,MAARHEEZE
4977,208,1,1100,300,SOERENDONK
4978,304,1,1100,150,BUDEL
4981,377,1,1100,467,SOERENDONK
4985,570,1,660,302,SOERENDONK
4986,234,1,660,542,MAARHEEZE
4987,403,1,660,386,BUDEL
4988,464,1,1100,147,BUDEL
4991,469,1,660,252,BUDEL
4992,544,1,660,159,BUDEL
4994,452,1,240,112,BUDEL
5004,315,1,1100,150,BUDEL
5005,343,1,240,100,BUDEL
5006,301,1,240,100,BUDEL
5009,358,1,240,135,BUDEL
5010,319,1,660,246,BUDEL
5011,551,1,240,133,BUDEL-SCHOOT
5012,361,1,240,198,BUDEL
5015,341,1,660,100,BUDEL
5017,305,1,240,200,BUDEL
5018,311,1,240,125,BUDEL
5036,787,2,1100,328,ASTEN
5037,512,1,1100,300,MAARHEEZE
5038,376,1,1100,100,SOERENDONK
5039,540,1,1100,100,BUDEL
5048,416,1,240,100,SOERENDONK
5049,409,1,660,100,BUDEL
5050,583,1,660,263,BUDEL-SCHOOT
5052,582,1,660,150,BUDEL-SCHOOT
5053,213,1,660,332,MAARHEEZE
5055,561,1,1100,206,BUDEL
5056,315,1,240,90,BUDEL
5058,266,1,660,184,GASTEL
5061,466,1,1100,293,BUDEL
5063,251,1,240,157,MAARHEEZE
5080,179,1,1100,353,MAARHEEZE
5082,368,1,660,475,BUDEL_DORPLEIN
5092,526,1,660,100,BUDEL
5093,175,1,660,383,BUDEL
5097,515,1,240,171,BUDEL
5105,459,1,660,250,GASTEL
5107,200,1,660,300,GASTEL
5109,576,1,1100,289,GASTEL
5111,184,1,660,186,SOERENDONK
5114,415,1,240,133,SOERENDONK
5116,521,1,240,157,BUDEL
5126,188,1,660,200,SOERENDONK
5127,362,1,240,184,BUDEL-SCHOOT
5128,423,1,240,565,BUDEL
5131,258,1,660,100,MAARHEEZE
5139,508,1,660,200,MAARHEEZE
5140,454,1,660,139,GASTEL
5141,571,1,660,200,SOERENDONK
5142,564,1,660,250,BUDEL_DORPLEIN
5144,575,1,660,274,GASTEL
5146,550,1,660,100,BUDEL-SCHOOT
5152,421,1,1100,355,GASTEL
5159,563,1,1100,311,BUDEL
5166,529,1,660,259,BUDEL
5170,458,1,1100,405,GASTEL
5175,274,1,1100,236,GASTEL
5176,276,1,1100,286,GASTEL
5178,548,1,660,320,BUDEL-SCHOOT
5185,74,1,240,209,AARLE_RIXTEL
5189,523,1,1100,261,BUDEL
5190,460,1,660,229,GASTEL
5201,566,1,660,209,BUDEL
5202,533,1,1100,1012,BUDEL
5204,572,1,660,167,SOERENDONK
5205,268,1,660,400,MAARHEEZE
5209,499,1,1100,274,MAARHEEZE
5215,514,1,1100,600,MAARHEEZE
5219,367,1,660,262,BUDEL
5221,335,1,1100,286,BUDEL
5224,426,1,660,100,BUDEL
5226,345,1,240,253,MAARHEEZE
5229,630,1,660,100,MIERLO
5232,284,1,660,200,MAARHEEZE
5239,277,1,1100,175,GASTEL
5264,633,1,770,282,MIERLO
5296,852,1,3000,320,DEURNE
5297,889,1,3000,287,LIESSEL
5298,73,1,2200,245,BEEK_EN_DONK
5303,667,1,1000,145,MIERLO
5339,531,1,660,100,BUDEL
5344,734,1,1100,248,ASTEN
5351,560,1,240,238,BUDEL-SCHOOT
5362,527,1,240,229,BUDEL
5407,465,1,660,245,BUDEL
5473,957,1,660,259,SOMEREN
5532,880,1,1100,200,DEURNE
5542,255,1,660,122,MAARHEEZE
5550,371,1,660,200,BUDEL-SCHOOT
5553,919,1,1100,200,NEERKANT
5555,397,1,1100,120,BUDEL
5564,559,1,1100,392,BUDEL_DORPLEIN
5571,422,1,1100,218,GASTEL
5576,93,1,240,200,BEEK_EN_DONK
5636,205,1,1100,220,SOERENDONK
5679,736,1,1100,298,ASTEN
5682,596,1,240,200,MIERLO
5729,450,1,660,100,BUDEL
5762,105,1,660,200,AARLE_RIXTEL
5773,850,1,660,100,DEURNE
5787,537,1,1100,300,BUDEL
5788,297,1,770,282,BUDEL
5791,680,1,240,250,ASTEN
5792,773,1,1100,100,HEUSDEN_GEM_ASTEN
5793,749,1,1100,237,ASTEN
5794,895,1,660,300,DEURNE
5804,183,1,1100,350,SOERENDONK
5832,195,1,1100,100,GASTEL
5856,207,1,1100,250,SOERENDONK
5861,445,1,660,143,BUDEL-SCHOOT
5878,1094,1,1100,200,SOMEREN
5882,985,1,1100,100,SOMEREN
5888,351,1,1100,100,BUDEL
5908,83,1,660,100,BEEK_EN_DONK
5927,101,1,2500,437,MILHEEZE
5929,424,1,240,437,BUDEL
5970,937,1,660,200,SOMEREN
5983,194,1,660,175,GASTEL
6010,536,1,660,333,SOERENDONK
6064,841,1,1100,450,DEURNE
6094,161,1,1100,183,AARLE_RIXTEL
6129,39,1,1100,367,STERKSEL
6136,400,1,1100,287,BUDEL-SCHOOT
6139,760,1,1100,100,ASTEN
6144,369,1,660,314,BUDEL_DORPLEIN
6147,518,1,660,192,BUDEL
6168,246,1,660,430,MAARHEEZE
6169,775,1,1100,200,HEUSDEN_GEM_ASTEN
6181,872,1,660,200,DEURNE
6217,356,1,660,100,BUDEL
6224,303,1,1100,96,BUDEL
6248,607,1,240,150,MIERLO
6249,317,1,1100,125,BUDEL
6255,48,1,1100,150,DE_RIPS
6260,695,1,770,100,HEUSDEN_GEM_ASTEN
6270,871,1,660,400,DEURNE
6272,556,1,1100,592,BUDEL_DORPLEIN
6274,906,1,240,700,DEURNE
6286,172,1,1100,322,BUDEL
6289,187,1,240,100,SOERENDONK
6315,230,1,1100,200,MAARHEEZE
6316,572,1,660,175,SOERENDONK
6321,877,1,1100,300,DEURNE
6322,917,1,1100,400,DEURNE
6340,243,1,660,323,MAARHEEZE
6359,468,1,240,228,BUDEL
6360,833,1,660,400,ASTEN
6378,844,1,1100,394,DEURNE
6395,267,1,1100,358,SOERENDONK
6428,914,1,240,200,DEURNE
6478,619,1,660,200,MIERLO
6498,470,1,240,100,MAARHEEZE
6503,260,1,240,100,MAARHEEZE
6527,692,1,1100,100,OMMEL
6587,281,2,1100,218,MAARHEEZE
6603,363,1,660,167,BUDEL-SCHOOT
6654,694,1,240,300,ASTEN
6759,149,1,1100,120,DE_RIPS
6771,472,1,660,364,MAARHEEZE
6809,312,1,660,100,BUDEL
6813,153,1,1100,164,AARLE_RIXTEL
6828,984,1,770,282,SOMEREN
6863,775,1,1100,150,HEUSDEN_GEM_ASTEN
6865,325,1,1540,562,BUDEL
6887,437,1,2500,316,BUDEL
6888,394,1,1100,147,BUDEL
6895,892,1,1100,308,LIESSEL
6912,705,1,1100,125,ASTEN
6925,348,1,1100,293,BUDEL
6955,600,1,1100,723,MIERLO
7009,994,1,660,89,SOMEREN-EIND
7011,632,1,2500,350,MIERLO
7040,671,1,1100,367,MIERLO
7070,998,1,770,271,SOMEREN
7072,645,1,1100,250,MIERLO
7083,1095,1,1100,300,SOMEREN-EIND
7097,944,1,1100,200,SOMEREN
7104,308,1,1100,147,SOERENDONK
7133,1086,1,1100,600,SOMEREN-EIND
7137,937,1,660,312,SOMEREN
7161,504,1,2200,1000,SOERENDONK
7184,902,1,1100,500,DEURNE
7205,66,1,1100,179,BEEK_EN_DONK
7211,351,1,1100,100,BUDEL
7226,51,1,1100,205,BAKEL
7237,606,1,1100,1907,MIERLO
7300,412,1,660,167,BUDEL
7308,365,2,2200,535,BUDEL
7309,224,1,1100,1302,MAARHEEZE
7314,603,1,660,298,MIERLO
7315,633,1,770,282,MIERLO
7316,605,1,660,284,MIERLO
7355,156,2,2200,400,STERKSEL
7357,156,2,2640,700,STERKSEL
7359,156,2,2200,400,STERKSEL
7365,156,1,4400,800,STERKSEL
7370,156,1,1100,200,STERKSEL
7371,156,1,1100,200,STERKSEL
7372,156,1,660,200,STERKSEL
7373,156,1,660,100,STERKSEL
7374,978,1,660,296,SOMEREN
7424,1010,1,770,287,SOMEREN
7430,1087,1,1100,193,LIEROP
7437,675,1,3000,456,MIERLO
7472,1088,1,1100,300,LIEROP
7477,615,1,660,150,MIERLO
7480,384,1,770,282,BUDEL
7492,488,1,1100,136,MAARHEEZE
7505,948,1,660,238,SOMEREN
7541,364,1,1100,200,BUDEL-SCHOOT
7610,1026,1,1100,249,SOMEREN
7617,244,1,1000,309,MAARHEEZE
7618,651,1,1100,267,MIERLO
7646,981,2,1100,146,SOMEREN-EIND
7694,1080,1,3000,329,SOMEREN
7706,52,1,1100,100,AARLE_RIXTEL
7709,934,1,1100,233,SOMEREN-EIND
7714,618,1,770,125,MIERLO
7720,953,1,1100,1145,SOMEREN-EIND
7730,631,1,1100,314,MIERLO
7740,397,2,1100,172,BUDEL
7747,1091,1,1100,268,SOMEREN
7753,1018,1,1100,243,SOMEREN-HEIDE
7772,286,1,2200,189,MAARHEEZE
7774,286,1,2500,500,MAARHEEZE
7791,1065,1,1100,150,LIEROP
7814,102,1,660,150,STERKSEL
7867,122,1,1100,156,DE_RIPS
7941,203,1,660,427,SOERENDONK
7953,349,2,1100,193,BUDEL
7979,938,1,1100,344,SOMEREN
7980,1038,1,1100,157,SOMEREN-EIND
8030,206,1,1100,271,SOERENDONK
8033,1066,1,2500,225,SOMEREN
8131,987,1,1100,115,SOMEREN
8141,361,1,1100,287,BUDEL
8188,1002,1,660,500,SOMEREN-EIND
8201,604,1,1100,200,MIERLO
8202,592,1,240,100,MIERLO
8211,535,1,2200,347,SOERENDONK
8233,943,1,1100,169,SOMEREN-EIND
8234,626,1,1100,150,MIERLO
8244,516,1,2200,333,BUDEL
8269,995,1,1100,200,SOMEREN
8272,1083,1,2500,250,SOMEREN-EIND
8290,644,1,660,183,MIERLO
8316,900,1,1100,150,HELENAVEEN
8319,189,1,660,267,SOERENDONK
8327,429,1,1100,100,BUDEL-SCHOOT
8331,779,1,660,300,ASTEN
8333,813,1,1100,125,ASTEN
8361,223,1,660,189,MAARHEEZE
8363,1055,1,660,1629,SOMEREN
8365,446,1,1100,300,MAARHEEZE
8368,270,1,660,100,SOERENDONK
8369,126,1,240,300,BEEK_EN_DONK
8409,111,1,660,219,AARLE_RIXTEL
8410,449,1,1100,252,BUDEL
8412,419,1,240,245,GASTEL
8413,186,1,2500,275,SOERENDONK
8414,370,1,1100,300,BUDEL-SCHOOT
8418,280,1,1100,100,MAARHEEZE
8435,909,1,1100,322,DEURNE
8444,124,1,660,150,BAKEL
8492,120,1,660,250,DE_RIPS
8497,750,1,660,2469,ASTEN
8584,1081,1,2500,314,SOMEREN
8607,653,1,1100,150,MIERLO
8669,139,1,2500,238,BEEK_EN_DONK
8699,881,1,1100,125,DEURNE
8942,151,1,770,-18,MILHEEZE
8971,831,1,660,400,HEUSDEN_GEM_ASTEN
8983,916,1,660,200,DEURNE
9016,146,1,770,172,BEEK_EN_DONK
9490,125,1,660,171,BAKEL
14927,875,2,10000,421,DEURNE
14930,1029,1,1100,200,SOMEREN
15031,845,1,660,150,DEURNE
15074,486,1,2200,322,MAARHEEZE
15093,82,1,660,209,BEEK_EN_DONK
15142,391,1,1100,237,BUDEL
15168,728,1,1100,273,ASTEN
15180,1035,1,770,282,SOMEREN
15265,838,1,660,284,ASTEN
15272,272,1,660,275,SOERENDONK
15426,542,1,1100,457,BUDEL
15458,339,1,660,100,BUDEL
15487,190,1,1100,267,SOERENDONK
15631,670,1,1100,187,MIERLO
15674,656,2,5000,541,MIERLO
15760,170,1,660,194,BUDEL
15767,487,1,1100,125,MAARHEEZE
15825,580,1,1100,500,BUDEL-SCHOOT
15911,1016,1,1100,925,SOMEREN
15940,530,1,660,100,BUDEL
15945,769,1,1100,243,HEUSDEN_GEM_ASTEN
15958,879,1,1100,167,DEURNE
16062,876,1,240,200,DEURNE
16067,921,1,1100,100,DEURNE
16093,1000,1,1100,214,SOMEREN
16132,1021,1,660,200,SOMEREN-HEIDE
16326,708,1,1100,302,ASTEN
16472,160,1,660,200,MARIAHOUT
16575,501,1,660,125,MAARHEEZE
16580,201,1,480,100,SOERENDONK
16607,557,1,660,300,BUDEL_DORPLEIN
16661,887,1,1100,200,LIESSEL
16673,772,1,1100,200,HEUSDEN_GEM_ASTEN
16697,401,1,1100,400,BUDEL-SCHOOT
16759,1037,1,660,200,SOMEREN
16908,492,1,660,150,MAARHEEZE
16919,490,1,660,100,MAARHEEZE
16960,156,1,1100,200,STERKSEL
17095,328,1,1100,203,BUDEL
17201,418,1,660,260,BUDEL
17262,176,1,1100,133,BUDEL
17379,1085,1,660,135,SOMEREN-EIND
17439,145,1,240,300,BEEK_EN_DONK
17541,747,1,660,180,ASTEN
17665,999,1,240,239,SOMEREN
17714,859,1,240,240,DEURNE
17733,926,1,1100,557,DEURNE
17907,522,1,720,246,BUDEL
17957,860,1,1100,350,DEURNE
17969,320,1,660,294,BUDEL
18006,810,1,660,178,ASTEN
18009,810,1,660,284,ASTEN
18283,929,1,1100,144,NEERKANT
18715,71,1,1100,174,BEEK_EN_DONK
18716,19,1,660,133,MARIAHOUT
18720,923,1,1100,167,LIESSEL
18835,1028,1,1100,200,SOMEREN
18837,1070,1,240,167,SOMEREN
18872,224,1,660,200,MAARHEEZE
18887,770,1,770,250,HEUSDEN_GEM_ASTEN
18963,878,1,5000,344,DEURNE
18967,1051,1,1100,200,SOMEREN
18996,165,1,660,167,MILHEEZE
19000,1043,1,1100,175,SOMEREN-HEIDE
19087,193,1,660,147,GASTEL
19155,467,1,660,528,BUDEL
19168,905,1,770,744,DEURNE
19186,62,1,660,167,BAKEL
19375,656,1,3000,300,MIERLO
19377,532,1,770,312,BUDEL
19441,907,1,1100,300,DEURNE
19473,28,1,1100,97,STERKSEL
19546,269,1,660,150,SOERENDONK
19697,431,1,660,222,BUDEL
19770,109,1,1100,281,AARLE_RIXTEL
19836,249,1,480,133,MAARHEEZE
19950,99,1,1100,100,BEEK_EN_DONK
19987,448,1,1100,166,BUDEL
20010,386,1,660,220,BUDEL
20215,497,1,660,167,MAARHEEZE
20231,271,1,240,100,SOERENDONK
20255,832,1,240,550,ASTEN
20328,1078,1,1100,250,SOMEREN
20412,954,1,770,282,SOMEREN-EIND
20419,792,1,770,98,ASTEN
20453,731,1,1100,300,ASTEN
20457,731,1,2500,370,ASTEN
20512,222,1,660,100,MAARHEEZE
20533,691,1,1100,125,HEUSDEN_GEM_ASTEN
20621,338,1,240,108,BUDEL
20690,202,1,1100,313,SOERENDONK
20793,331,1,660,350,BUDEL
20844,874,1,240,100,DEURNE
20963,740,1,240,300,ASTEN
21064,14,1,240,100,LIESHOUT
21094,1059,2,3000,243,SOMEREN
21147,43,1,660,125,DE_RIPS
21179,42,1,1100,167,STERKSEL
21276,333,1,240,200,BUDEL
21297,823,1,1100,155,ASTEN
21300,784,1,1100,271,ASTEN
21335,507,1,1100,141,MAARHEEZE
21343,482,1,660,229,MAARHEEZE
21589,123,1,1100,167,MILHEEZE
21701,215,1,1100,158,BUDEL
21807,334,1,1100,252,BUDEL
21839,107,1,660,175,AARLE_RIXTEL
21967,247,1,240,100,MAARHEEZE
22147,783,1,1100,200,ASTEN
22171,310,1,660,209,BUDEL
22184,495,1,660,100,MAARHEEZE
22253,803,1,660,233,HEUSDEN_GEM_ASTEN
22296,374,1,1100,100,SOERENDONK
22341,4,1,660,100,MARIAHOUT
22342,327,1,2640,233,BUDEL
22483,947,1,1100,240,SOMEREN
22704,497,1,1100,300,MAARHEEZE
22751,1045,1,660,100,SOMEREN
22771,821,1,240,240,ASTEN
22825,627,1,660,284,MIERLO
23037,939,1,1100,300,SOMEREN
23070,167,1,1100,200,BUDEL
23086,847,1,240,240,DEURNE
23106,800,1,1100,288,HEUSDEN_GEM_ASTEN
23110,620,1,660,250,MIERLO
23155,636,1,770,100,MIERLO
23160,870,1,660,120,LIESSEL
23391,964,1,660,133,LIEROP
23456,882,1,1100,200,NEERKANT
23590,896,1,660,199,DEURNE
23596,471,1,1100,150,MAARHEEZE
23621,807,1,660,100,ASTEN
23702,763,1,1100,200,ASTEN
23726,658,2,1100,455,MIERLO
23728,505,2,2500,501,MAARHEEZE
23795,666,1,1100,145,MIERLO
23810,245,1,1100,496,MAARHEEZE
23852,710,1,240,200,ASTEN
23862,106,1,660,155,AARLE_RIXTEL
23876,55,1,660,155,AARLE_RIXTEL
23880,1012,1,660,195,SOMEREN
23890,979,1,1100,220,SOMEREN
23922,1084,1,660,250,SOMEREN
23955,1013,1,660,190,SOMEREN-EIND
23982,64,1,660,287,BEEK_EN_DONK
23988,87,1,660,217,BEEK_EN_DONK
23990,1023,1,1100,176,SOMEREN
24021,262,1,1100,379,MAARHEEZE
24042,853,1,660,100,DEURNE
24043,500,1,660,188,MAARHEEZE
24044,744,1,1100,338,ASTEN
24046,744,1,1100,277,ASTEN
24047,1060,1,1100,377,SOMEREN
24078,204,1,1100,175,SOERENDONK
24118,1032,1,660,150,SOMEREN
24119,129,1,660,167,BEEK_EN_DONK
24120,359,2,1100,350,BUDEL
24125,549,1,660,163,BUDEL-SCHOOT
24162,298,1,240,220,BUDEL
24163,13,1,240,200,LIESHOUT
24164,163,1,240,197,AARLE_RIXTEL
24180,614,1,770,144,MIERLO
24229,856,1,660,200,DEURNE
24257,92,1,240,125,BEEK_EN_DONK
24294,739,1,660,200,ASTEN
24295,755,1,660,381,ASTEN
24306,156,2,1100,200,STERKSEL
24322,826,1,660,157,ASTEN
24330,877,1,1100,800,DEURNE
24358,835,1,660,150,ASTEN
24389,1006,1,1100,171,SOMEREN-EIND
24449,726,1,660,325,ASTEN
24461,738,1,660,179,ASTEN
24528,652,1,1100,333,MIERLO
24590,77,1,1100,239,AARLE_RIXTEL
24705,770,1,660,200,HEUSDEN_GEM_ASTEN
24822,908,1,1100,167,DEURNE
24882,984,1,1100,671,SOMEREN
25082,819,1,1100,200,ASTEN
25100,552,1,660,314,BUDEL-SCHOOT
25188,288,1,240,100,MAARHEEZE
25195,214,1,1100,200,BUDEL
25213,498,1,1100,128,MAARHEEZE
25248,660,1,1100,150,MIERLO
25262,609,1,1100,176,MIERLO
25341,995,1,660,100,SOMEREN
25465,782,1,1100,180,ASTEN
25505,108,1,660,205,AARLE_RIXTEL
25543,924,1,1100,252,DEURNE
25584,1074,1,1100,400,LIEROP
25586,79,1,770,276,AARLE_RIXTEL
25649,159,1,1100,120,BEEK_EN_DONK
25678,366,1,1100,209,BUDEL
25704,897,1,1100,212,DEURNE
25743,63,1,1100,218,BEEK_EN_DONK
25745,1022,1,660,627,ASTEN
25776,649,1,660,167,MIERLO
25860,175,1,2500,280,BUDEL
25908,676,1,1100,167,NEDERWEERT
25920,655,1,1100,347,MIERLO
25969,168,1,1100,186,BUDEL
26046,601,2,2500,317,MIERLO
26054,406,1,3000,800,BUDEL
26064,399,1,1100,329,BUDEL-SCHOOT
26070,748,1,1100,507,ASTEN
26079,427,2,2500,500,BUDEL
26190,682,1,660,625,ASTEN
26241,232,1,660,150,MAARHEEZE
26243,1031,1,660,100,SOMEREN-EIND
26248,156,1,1100,200,STERKSEL
26265,812,1,660,100,OMMEL
26317,920,1,1100,299,DEURNE
26373,839,1,1100,167,VLIERDEN
26401,688,1,1100,365,ASTEN
26414,1030,1,1100,100,SOMEREN
26515,493,1,1100,167,MAARHEEZE
26558,854,1,660,250,DEURNE
26706,757,1,140,240,ASTEN
26763,75,1,1100,238,AARLE_RIXTEL
26836,483,1,1100,210,MAARHEEZE
26862,753,1,660,100,ASTEN
27100,1005,1,1100,153,SOMEREN
27124,641,1,660,167,MIERLO
27137,967,1,1100,380,SOMEREN
27158,858,1,1100,329,DEURNE
27189,157,1,3000,624,STERKSEL
27327,252,1,2200,500,MAARHEEZE
27365,996,1,1100,117,SOMEREN
27465,1025,1,1100,250,SOMEREN
27561,927,1,240,100,DEURNE
27613,299,1,660,207,BUDEL
27692,949,1,1100,200,SOMEREN
27700,1017,1,1100,267,SOMEREN-HEIDE
27932,88,2,770,186,MARIAHOUT
27934,9,2,1540,426,LIESHOUT
27958,886,1,1100,200,LIESSEL
27965,502,1,1100,150,MAARHEEZE
28007,815,2,1100,340,ASTEN
28022,883,1,660,175,NEERKANT
28043,140,1,660,213,BEEK_EN_DONK
28061,672,1,1100,236,MIERLO
28082,254,1,240,333,MAARHEEZE
28125,198,1,660,133,GASTEL
28198,791,1,660,100,HEUSDEN_GEM_ASTEN
28289,517,1,660,100,BUDEL
28315,574,1,770,418,SOERENDONK
28367,166,1,1100,293,MILHEEZE
28495,291,1,660,100,MAARHEEZE
28516,503,1,1100,357,MAARHEEZE
28517,726,1,1100,161,ASTEN
28546,112,2,2500,245,AARLE_RIXTEL
28702,735,1,660,100,ASTEN
28784,473,1,240,100,MAARHEEZE
28819,350,1,660,166,BUDEL
28825,379,1,660,305,BUDEL
28899,285,1,5000,1007,MAARHEEZE
28985,848,1,1100,296,DEURNE
28987,142,1,1100,312,BEEK_EN_DONK
29032,481,1,3000,356,MAARHEEZE
29035,455,1,660,169,GASTEL
29087,980,1,1100,200,SOMEREN
29175,1041,1,660,200,SOMEREN
29204,706,1,660,236,ASTEN
29246,817,1,1100,155,ASTEN
29250,197,1,1100,161,GASTEL
29266,434,1,660,171,BUDEL
29342,1044,1,1100,100,SOMEREN
29398,840,1,5000,250,DEURNE
29399,840,1,2500,450,DEURNE
29509,380,1,240,129,BUDEL
29598,118,1,1100,150,BAKEL
29626,968,1,240,100,SOMEREN-HEIDE
29647,1027,1,660,100,SOMEREN
29730,322,1,240,200,BUDEL
29744,777,1,1100,100,HEUSDEN_GEM_ASTEN
29839,829,2,10000,879,ASTEN
29885,683,1,240,257,ASTEN
29892,866,1,660,150,DEURNE
29893,785,1,1100,275,ASTEN
29895,296,1,720,289,BUDEL
29911,138,1,660,198,BEEK_EN_DONK
29921,534,1,660,350,BUDEL
29931,130,1,660,100,BEEK_EN_DONK
29943,5,1,660,117,BEEK_EN_DONK
29973,143,1,660,223,BEEK_EN_DONK
29975,789,1,1100,200,HEUSDEN_GEM_ASTEN
30026,480,1,770,282,MAARHEEZE
30075,910,1,770,282,DEURNE
30089,836,1,1100,300,ASTEN
30149,794,1,1000,600,ASTEN
30152,569,1,1100,178,BUDEL
30157,935,1,660,300,SOMEREN
30160,21,1,660,100,MARIAHOUT
30164,1050,1,770,120,SOMEREN
30165,988,1,770,150,SOMEREN
30186,24,1,660,133,MARIAHOUT
30190,131,1,1100,180,BEEK_EN_DONK
30199,49,1,660,125,BEEK_EN_DONK
30218,132,1,1100,233,BEEK_EN_DONK
30229,538,1,660,308,BUDEL
30238,555,1,660,100,BUDEL_DORPLEIN
30242,703,1,1100,86,ASTEN
30243,133,1,1100,100,BEEK_EN_DONK
30351,23,1,660,140,MARIAHOUT
30352,22,1,660,160,MARIAHOUT
30365,758,1,1100,492,ASTEN
30370,546,1,660,260,BUDEL
30375,595,1,1100,188,MIERLO
30382,974,1,1000,300,SOMEREN
30383,830,1,1100,264,ASTEN
30411,642,1,1100,300,MIERLO
30440,893,1,1100,339,DEURNE
30528,461,1,660,391,GASTEL
30657,1063,1,1100,175,LIEROP
30710,295,1,1100,173,BUDEL
30730,475,1,1100,147,MAARHEEZE
30758,144,1,660,100,BEEK_EN_DONK
30809,269,1,1100,160,SOERENDONK
30812,1054,1,1100,400,SOMEREN
30814,646,1,3000,346,MIERLO
30815,647,1,660,100,MIERLO
30824,1037,1,660,250,SOMEREN
30825,681,1,1000,200,ASTEN
30863,857,1,240,240,DEURNE
30872,32,1,1100,387,STERKSEL
30875,174,1,1100,318,BUDEL
30934,59,1,1100,100,BEEK_EN_DONK
30968,329,1,770,372,BUDEL
30969,545,1,660,160,BUDEL
31020,292,1,2200,214,MAARHEEZE
31023,336,1,1100,200,BUDEL
31025,891,1,1100,150,VLIERDEN
31027,20,1,1100,100,MARIAHOUT
31047,147,1,240,100,BEEK_EN_DONK
31051,53,1,1100,200,BEEK_EN_DONK
31136,709,1,660,100,ASTEN
31151,936,1,1100,220,SOMEREN
31152,1019,1,1100,175,SOMEREN
31156,681,2,2000,350,ASTEN
31183,1049,1,1100,100,SOMEREN
31188,632,1,5000,600,MIERLO
31189,44,1,1100,200,BEEK_EN_DONK
31267,250,1,660,56,MAARHEEZE
31279,348,1,1200,386,BUDEL
31323,1003,1,1100,526,SOMEREN
31441,940,1,1100,300,SOMEREN
31461,404,1,1100,700,BUDEL
31469,652,1,660,150,MIERLO
31483,1071,1,660,250,LIEROP
31485,61,1,1100,225,AARLE_RIXTEL
31507,959,1,1100,200,LIEROP
31517,928,1,1100,313,DEURNE
31548,585,1,660,267,BUDEL-SCHOOT
31588,697,1,1100,440,HEUSDEN_GEM_ASTEN
31608,661,1,660,175,MIERLO
31658,261,3,1100,1370,MAARHEEZE
31661,261,3,5000,1108,MAARHEEZE
31663,261,3,2500,1156,MAARHEEZE
31679,396,1,1100,365,BUDEL
31750,851,2,2500,200,DEURNE
31801,798,1,1100,313,HEUSDEN_GEM_ASTEN
31833,869,1,2200,400,DEURNE
31898,354,1,240,100,BUDEL
31900,741,1,5000,1019,ASTEN
31904,742,1,1100,313,ASTEN
31905,72,1,660,298,BEEK_EN_DONK
31913,441,1,1100,473,BUDEL_DORPLEIN
31961,752,1,5000,1019,ASTEN
32079,713,2,1100,313,HEUSDEN_GEM_ASTEN
32096,696,1,1100,313,HEUSDEN_GEM_ASTEN
32102,383,1,1100,200,BUDEL
32109,1004,2,1100,313,SOMEREN
32127,669,1,240,200,MIERLO
32168,941,1,1000,305,SOMEREN
32245,861,4,2200,625,DEURNE
32261,849,1,660,284,DEURNE
32285,581,1,1100,187,BUDEL-SCHOOT
32300,622,1,1100,312,MIERLO
32370,862,1,660,284,DEURNE
32386,842,1,1100,313,DEURNE
32538,34,1,1100,407,STERKSEL
32559,539,1,770,200,BUDEL-SCHOOT
32560,30,1,1100,300,STERKSEL
32562,591,1,1100,313,MIERLO
32568,375,1,660,362,SOERENDONK
32601,408,1,660,200,BUDEL
32606,316,1,1100,313,BUDEL
32681,899,1,5000,563,HELENAVEEN
32694,1082,1,1100,313,SOMEREN-EIND
32702,347,1,240,167,BUDEL
32711,885,1,770,282,LIESSEL
32735,613,1,1100,278,MIERLO
32746,98,1,660,402,BEEK_EN_DONK
32774,474,1,660,300,MAARHEEZE
32776,119,1,770,282,BAKEL
32778,332,1,1100,1147,BUDEL
32809,253,1,1100,167,MAARHEEZE
32813,238,1,660,100,MAARHEEZE
32823,256,1,660,100,MAARHEEZE
32864,836,1,660,284,ASTEN
32876,662,1,660,284,MIERLO
32889,378,1,1100,500,BUDEL
32895,989,1,660,284,SOMEREN
32946,654,1,1100,313,MIERLO
32949,45,1,1100,313,BEEK_EN_DONK
32950,81,1,1100,313,AARLE_RIXTEL
32952,141,1,660,200,BEEK_EN_DONK
32973,768,1,240,240,ASTEN
32985,114,1,2500,510,AARLE_RIXTEL
33002,712,1,1100,313,HEUSDEN_GEM_ASTEN
33003,46,1,660,284,BEEK_EN_DONK
33024,210,1,1100,728,SOERENDONK
33070,901,1,1100,313,LIESSEL
33071,865,1,660,284,DEURNE
33104,1034,1,1100,313,SOMEREN
33162,724,1,240,240,ASTEN
33203,36,1,1100,313,STERKSEL
33206,663,1,1100,313,MIERLO
33211,171,1,1100,313,BUDEL
33226,0,2,1100,313,AARLE_RIXTEL
33236,285,2,2200,625,MAARHEEZE
33306,1,2,1100,313,AARLE_RIXTEL
33318,6,1,660,284,MARIAHOUT
33346,286,1,1100,313,MAARHEEZE
33425,337,1,1100,313,BUDEL
33513,846,1,2500,510,DEURNE
33532,283,1,660,284,MAARHEEZE
33666,505,3,8800,3000,MAARHEEZE
33686,476,1,2500,510,MAARHEEZE
33740,148,1,1100,313,BEEK_EN_DONK
33781,1075,1,1100,313,LIEROP
33827,718,1,3000,515,ASTEN
33839,26,1,660,284,LIESHOUT
33840,962,1,1100,313,LIEROP
33849,181,1,1100,313,SOERENDONK
33904,1069,1,1100,313,SOMEREN-EIND
33926,756,1,660,284,ASTEN
33947,602,1,240,240,MIERLO
33951,903,1,1100,313,DEURNE
33953,100,1,660,284,BEEK_EN_DONK
33954,704,1,1100,313,ASTEN
33976,648,1,2500,510,MIERLO
33985,759,1,660,284,ASTEN
33991,154,1,1100,313,DE_RIPS
33996,991,1,1100,313,SOMEREN
34050,746,1,2500,510,ASTEN
34111,587,1,1100,313,GRIENDTSVEEN
34121,541,1,1100,313,BUDEL
34197,134,1,660,283,BEEK_EN_DONK
34199,639,1,1100,312,MIERLO
34219,463,1,240,240,BUDEL
34288,509,1,1100,312,MAARHEEZE
34306,1097,1,1100,312,SOMEREN-EIND
34331,164,1,660,283,AARLE_RIXTEL
34343,894,1,1100,312,DEURNE
34366,719,1,240,240,ASTEN
34374,958,1,1100,312,LIEROP
34389,86,1,2500,509,BEEK_EN_DONK
34424,946,1,660,283,SOMEREN
34458,231,1,660,283,MAARHEEZE
34486,977,1,1100,312,SOMEREN
34504,837,1,1100,312,ASTEN
34544,733,1,1100,312,HEUSDEN_GEM_ASTEN
34582,240,1,660,283,MAARHEEZE
34593,664,1,240,240,MIERLO
34611,915,1,660,283,DEURNE
34612,1036,1,1100,312,SOMEREN
34646,616,2,5000,563,MIERLO
34650,616,2,2200,562,MIERLO
34669,1039,1,660,283,SOMEREN-HEIDE
34672,291,1,770,282,MAARHEEZE
34679,307,1,1100,312,BUDEL
34684,932,1,5000,563,HELENAVEEN
34739,355,1,660,283,BUDEL
34762,513,2,5000,563,MAARHEEZE
34814,1046,1,1100,312,SOMEREN
34825,47,1,1100,312,BEEK_EN_DONK
34841,402,1,660,283,BUDEL-SCHOOT
34878,210,1,2500,509,SOERENDONK
34909,1072,1,240,240,SOMEREN
34910,425,1,1100,312,BUDEL
